"First Name","Last Name","Email Address","Course","Activity","Activity Date"
"Student1","Student1","student1.student1@collin.edu","COSC2451","Answered Discussion Question","05-24-2024"
"Student2","Student2","student2.student2@collin.edu","COSC2452","Answered Discussion Question","05-24-2024"
"Student3","Student3","student3.student3@collin.edu","COSC2453","Answered Discussion Question","05-24-2024"
"Student4","Student4","student4.student4@collin.edu","COSC2454","Answered Discussion Question","05-24-2024"
"Student5","Student5","student5.student5@collin.edu","COSC2455","Answered Discussion Question","05-24-2024"
"Student6","Student6","student6.student6@collin.edu","COSC2456","Answered Discussion Question","05-24-2024"
"Student7","Student7","student7.student7@collin.edu","COSC2457","Answered Discussion Question","05-24-2024"
"Student8","Student8","student8.student8@collin.edu","COSC2458","Answered Discussion Question","05-24-2024"
"Student9","Student9","student9.student9@collin.edu","COSC2459","Answered Discussion Question","05-24-2024"
"Student10","Student10","student10.student10@collin.edu","COSC24510","Answered Discussion Question","05-24-2024"
"Student11","Student11","student11.student11@collin.edu","COSC24511","Answered Discussion Question","05-24-2024"
"Student12","Student12","student12.student12@collin.edu","COSC24512","Answered Discussion Question","05-24-2024"
"Student13","Student13","student13.student13@collin.edu","COSC24513","Answered Discussion Question","05-24-2024"
"Student14","Student14","student14.student14@collin.edu","COSC24514","Answered Discussion Question","05-24-2024"
"Student15","Student15","student15.student15@collin.edu","COSC24515","Answered Discussion Question","05-24-2024"
"Student16","Student16","student16.student16@collin.edu","COSC24516","Answered Discussion Question","05-24-2024"
"Student17","Student17","student17.student17@collin.edu","COSC24517","Answered Discussion Question","05-24-2024"
"Student18","Student18","student18.student18@collin.edu","COSC24518","Answered Discussion Question","05-24-2024"
"Student19","Student19","student19.student19@collin.edu","COSC24519","Answered Discussion Question","05-24-2024"
"Student20","Student20","student20.student20@collin.edu","COSC24520","Answered Discussion Question","05-24-2024"
"Student21","Student21","student21.student21@collin.edu","COSC24521","Answered Discussion Question","05-24-2024"
"Student22","Student22","student22.student22@collin.edu","COSC24522","Answered Discussion Question","05-24-2024"
"Student23","Student23","student23.student23@collin.edu","COSC24523","Answered Discussion Question","05-24-2024"
"Student24","Student24","student24.student24@collin.edu","COSC24524","Answered Discussion Question","05-24-2024"
"Student25","Student25","student25.student25@collin.edu","COSC24525","Answered Discussion Question","05-24-2024"
"Student26","Student26","student26.student26@collin.edu","COSC24526","Answered Discussion Question","05-24-2024"
"Student27","Student27","student27.student27@collin.edu","COSC24527","Answered Discussion Question","05-24-2024"
"Student28","Student28","student28.student28@collin.edu","COSC24528","Answered Discussion Question","05-24-2024"
"Student29","Student29","student29.student29@collin.edu","COSC24529","Answered Discussion Question","05-24-2024"
"Student30","Student30","student30.student30@collin.edu","COSC24530","Answered Discussion Question","05-24-2024"
"Student31","Student31","student31.student31@collin.edu","COSC24531","Answered Discussion Question","05-24-2024"
"Student32","Student32","student32.student32@collin.edu","COSC24532","Answered Discussion Question","05-24-2024"
"Student33","Student33","student33.student33@collin.edu","COSC24533","Answered Discussion Question","05-24-2024"
"Student34","Student34","student34.student34@collin.edu","COSC24534","Answered Discussion Question","05-24-2024"
"Student35","Student35","student35.student35@collin.edu","COSC24535","Answered Discussion Question","05-24-2024"
"Student36","Student36","student36.student36@collin.edu","COSC24536","Answered Discussion Question","05-24-2024"
"Student37","Student37","student37.student37@collin.edu","COSC24537","Answered Discussion Question","05-24-2024"
"Student38","Student38","student38.student38@collin.edu","COSC24538","Answered Discussion Question","05-24-2024"
"Student39","Student39","student39.student39@collin.edu","COSC24539","Answered Discussion Question","05-24-2024"
"Student40","Student40","student40.student40@collin.edu","COSC24540","Answered Discussion Question","05-24-2024"
"Student41","Student41","student41.student41@collin.edu","COSC24541","Answered Discussion Question","05-24-2024"
"Student42","Student42","student42.student42@collin.edu","COSC24542","Answered Discussion Question","05-24-2024"
"Student43","Student43","student43.student43@collin.edu","COSC24543","Answered Discussion Question","05-24-2024"
"Student44","Student44","student44.student44@collin.edu","COSC24544","Answered Discussion Question","05-24-2024"
"Student45","Student45","student45.student45@collin.edu","COSC24545","Answered Discussion Question","05-24-2024"
"Student46","Student46","student46.student46@collin.edu","COSC24546","Answered Discussion Question","05-24-2024"
"Student47","Student47","student47.student47@collin.edu","COSC24547","Answered Discussion Question","05-24-2024"
"Student48","Student48","student48.student48@collin.edu","COSC24548","Answered Discussion Question","05-24-2024"
"Student49","Student49","student49.student49@collin.edu","COSC24549","Answered Discussion Question","05-24-2024"
"Student50","Student50","student50.student50@collin.edu","COSC24550","Answered Discussion Question","05-24-2024"
"Student51","Student51","student51.student51@collin.edu","COSC24551","Answered Discussion Question","05-24-2024"
"Student52","Student52","student52.student52@collin.edu","COSC24552","Answered Discussion Question","05-24-2024"
"Student53","Student53","student53.student53@collin.edu","COSC24553","Answered Discussion Question","05-24-2024"
"Student54","Student54","student54.student54@collin.edu","COSC24554","Answered Discussion Question","05-24-2024"
"Student55","Student55","student55.student55@collin.edu","COSC24555","Answered Discussion Question","05-24-2024"
"Student56","Student56","student56.student56@collin.edu","COSC24556","Answered Discussion Question","05-24-2024"
"Student57","Student57","student57.student57@collin.edu","COSC24557","Answered Discussion Question","05-24-2024"
"Student58","Student58","student58.student58@collin.edu","COSC24558","Answered Discussion Question","05-24-2024"
"Student59","Student59","student59.student59@collin.edu","COSC24559","Answered Discussion Question","05-24-2024"
"Student60","Student60","student60.student60@collin.edu","COSC24560","Answered Discussion Question","05-24-2024"
"Student61","Student61","student61.student61@collin.edu","COSC24561","Answered Discussion Question","05-24-2024"
"Student62","Student62","student62.student62@collin.edu","COSC24562","Answered Discussion Question","05-24-2024"
"Student63","Student63","student63.student63@collin.edu","COSC24563","Answered Discussion Question","05-24-2024"
"Student64","Student64","student64.student64@collin.edu","COSC24564","Answered Discussion Question","05-24-2024"
"Student65","Student65","student65.student65@collin.edu","COSC24565","Answered Discussion Question","05-24-2024"
"Student66","Student66","student66.student66@collin.edu","COSC24566","Answered Discussion Question","05-24-2024"
"Student67","Student67","student67.student67@collin.edu","COSC24567","Answered Discussion Question","05-24-2024"
"Student68","Student68","student68.student68@collin.edu","COSC24568","Answered Discussion Question","05-24-2024"
"Student69","Student69","student69.student69@collin.edu","COSC24569","Answered Discussion Question","05-24-2024"
"Student70","Student70","student70.student70@collin.edu","COSC24570","Answered Discussion Question","05-24-2024"
"Student71","Student71","student71.student71@collin.edu","COSC24571","Answered Discussion Question","05-24-2024"
"Student72","Student72","student72.student72@collin.edu","COSC24572","Answered Discussion Question","05-24-2024"
"Student73","Student73","student73.student73@collin.edu","COSC24573","Answered Discussion Question","05-24-2024"
"Student74","Student74","student74.student74@collin.edu","COSC24574","Answered Discussion Question","05-24-2024"
"Student75","Student75","student75.student75@collin.edu","COSC24575","Answered Discussion Question","05-24-2024"
"Student76","Student76","student76.student76@collin.edu","COSC24576","Answered Discussion Question","05-24-2024"
"Student77","Student77","student77.student77@collin.edu","COSC24577","Answered Discussion Question","05-24-2024"
"Student78","Student78","student78.student78@collin.edu","COSC24578","Answered Discussion Question","05-24-2024"
"Student79","Student79","student79.student79@collin.edu","COSC24579","Answered Discussion Question","05-24-2024"
"Student80","Student80","student80.student80@collin.edu","COSC24580","Answered Discussion Question","05-24-2024"
"Student81","Student81","student81.student81@collin.edu","COSC24581","Answered Discussion Question","05-24-2024"
"Student82","Student82","student82.student82@collin.edu","COSC24582","Answered Discussion Question","05-24-2024"
"Student83","Student83","student83.student83@collin.edu","COSC24583","Answered Discussion Question","05-24-2024"
"Student84","Student84","student84.student84@collin.edu","COSC24584","Answered Discussion Question","05-24-2024"
"Student85","Student85","student85.student85@collin.edu","COSC24585","Answered Discussion Question","05-24-2024"
"Student86","Student86","student86.student86@collin.edu","COSC24586","Answered Discussion Question","05-24-2024"
"Student87","Student87","student87.student87@collin.edu","COSC24587","Answered Discussion Question","05-24-2024"
"Student88","Student88","student88.student88@collin.edu","COSC24588","Answered Discussion Question","05-24-2024"
"Student89","Student89","student89.student89@collin.edu","COSC24589","Answered Discussion Question","05-24-2024"
"Student90","Student90","student90.student90@collin.edu","COSC24590","Answered Discussion Question","05-24-2024"
"Student91","Student91","student91.student91@collin.edu","COSC24591","Answered Discussion Question","05-24-2024"
"Student92","Student92","student92.student92@collin.edu","COSC24592","Answered Discussion Question","05-24-2024"
"Student93","Student93","student93.student93@collin.edu","COSC24593","Answered Discussion Question","05-24-2024"
"Student94","Student94","student94.student94@collin.edu","COSC24594","Answered Discussion Question","05-24-2024"
"Student95","Student95","student95.student95@collin.edu","COSC24595","Answered Discussion Question","05-24-2024"
"Student96","Student96","student96.student96@collin.edu","COSC24596","Answered Discussion Question","05-24-2024"
"Student97","Student97","student97.student97@collin.edu","COSC24597","Answered Discussion Question","05-24-2024"
"Student98","Student98","student98.student98@collin.edu","COSC24598","Answered Discussion Question","05-24-2024"
"Student99","Student99","student99.student99@collin.edu","COSC24599","Answered Discussion Question","05-24-2024"
"Student100","Student100","student100.student100@collin.edu","COSC245100","Answered Discussion Question","05-24-2024"
"Student101","Student101","student101.student101@collin.edu","COSC245101","Sent Message to Professor","05-24-2024"
"Student102","Student102","student102.student102@collin.edu","COSC245102","Sent Message to Professor","05-24-2024"
"Student103","Student103","student103.student103@collin.edu","COSC245103","Sent Message to Professor","05-24-2024"
"Student104","Student104","student104.student104@collin.edu","COSC245104","Sent Message to Professor","05-24-2024"
"Student105","Student105","student105.student105@collin.edu","COSC245105","Sent Message to Professor","05-24-2024"
"Student106","Student106","student106.student106@collin.edu","COSC245106","Sent Message to Professor","05-24-2024"
"Student107","Student107","student107.student107@collin.edu","COSC245107","Sent Message to Professor","05-24-2024"
"Student108","Student108","student108.student108@collin.edu","COSC245108","Sent Message to Professor","05-24-2024"
"Student109","Student109","student109.student109@collin.edu","COSC245109","Sent Message to Professor","05-24-2024"
"Student110","Student110","student110.student110@collin.edu","COSC245110","Sent Message to Professor","05-24-2024"
"Student111","Student111","student111.student111@collin.edu","COSC245111","Sent Message to Professor","05-24-2024"
"Student112","Student112","student112.student112@collin.edu","COSC245112","Sent Message to Professor","05-24-2024"
"Student113","Student113","student113.student113@collin.edu","COSC245113","Sent Message to Professor","05-24-2024"
"Student114","Student114","student114.student114@collin.edu","COSC245114","Sent Message to Professor","05-24-2024"
"Student115","Student115","student115.student115@collin.edu","COSC245115","Sent Message to Professor","05-24-2024"
"Student116","Student116","student116.student116@collin.edu","COSC245116","Sent Message to Professor","05-24-2024"
"Student117","Student117","student117.student117@collin.edu","COSC245117","Sent Message to Professor","05-24-2024"
"Student118","Student118","student118.student118@collin.edu","COSC245118","Sent Message to Professor","05-24-2024"
"Student119","Student119","student119.student119@collin.edu","COSC245119","Sent Message to Professor","05-24-2024"
"Student120","Student120","student120.student120@collin.edu","COSC245120","Sent Message to Professor","05-24-2024"
"Student121","Student121","student121.student121@collin.edu","COSC245121","Sent Message to Professor","05-24-2024"
"Student122","Student122","student122.student122@collin.edu","COSC245122","Sent Message to Professor","05-24-2024"
"Student123","Student123","student123.student123@collin.edu","COSC245123","Sent Message to Professor","05-24-2024"
"Student124","Student124","student124.student124@collin.edu","COSC245124","Sent Message to Professor","05-24-2024"
"Student125","Student125","student125.student125@collin.edu","COSC245125","Sent Message to Professor","05-24-2024"
"Student126","Student126","student126.student126@collin.edu","COSC245126","Sent Message to Professor","05-24-2024"
"Student127","Student127","student127.student127@collin.edu","COSC245127","Sent Message to Professor","05-24-2024"
"Student128","Student128","student128.student128@collin.edu","COSC245128","Sent Message to Professor","05-24-2024"
"Student129","Student129","student129.student129@collin.edu","COSC245129","Sent Message to Professor","05-24-2024"
"Student130","Student130","student130.student130@collin.edu","COSC245130","Sent Message to Professor","05-24-2024"
"Student131","Student131","student131.student131@collin.edu","COSC245131","Sent Message to Professor","05-24-2024"
"Student132","Student132","student132.student132@collin.edu","COSC245132","Sent Message to Professor","05-24-2024"
"Student133","Student133","student133.student133@collin.edu","COSC245133","Sent Message to Professor","05-24-2024"
"Student134","Student134","student134.student134@collin.edu","COSC245134","Sent Message to Professor","05-24-2024"
"Student135","Student135","student135.student135@collin.edu","COSC245135","Sent Message to Professor","05-24-2024"
"Student136","Student136","student136.student136@collin.edu","COSC245136","Sent Message to Professor","05-24-2024"
"Student137","Student137","student137.student137@collin.edu","COSC245137","Sent Message to Professor","05-24-2024"
"Student138","Student138","student138.student138@collin.edu","COSC245138","Sent Message to Professor","05-24-2024"
"Student139","Student139","student139.student139@collin.edu","COSC245139","Sent Message to Professor","05-24-2024"
"Student140","Student140","student140.student140@collin.edu","COSC245140","Sent Message to Professor","05-24-2024"
"Student141","Student141","student141.student141@collin.edu","COSC245141","Sent Message to Professor","05-24-2024"
"Student142","Student142","student142.student142@collin.edu","COSC245142","Sent Message to Professor","05-24-2024"
"Student143","Student143","student143.student143@collin.edu","COSC245143","Sent Message to Professor","05-24-2024"
"Student144","Student144","student144.student144@collin.edu","COSC245144","Sent Message to Professor","05-24-2024"
"Student145","Student145","student145.student145@collin.edu","COSC245145","Sent Message to Professor","05-24-2024"
"Student146","Student146","student146.student146@collin.edu","COSC245146","Sent Message to Professor","05-24-2024"
"Student147","Student147","student147.student147@collin.edu","COSC245147","Sent Message to Professor","05-24-2024"
"Student148","Student148","student148.student148@collin.edu","COSC245148","Sent Message to Professor","05-24-2024"
"Student149","Student149","student149.student149@collin.edu","COSC245149","Sent Message to Professor","05-24-2024"
"Student150","Student150","student150.student150@collin.edu","COSC245150","Sent Message to Professor","05-24-2024"
"Student151","Student151","student151.student151@collin.edu","COSC245151","Sent Message to Professor","05-24-2024"
"Student152","Student152","student152.student152@collin.edu","COSC245152","Sent Message to Professor","05-24-2024"
"Student153","Student153","student153.student153@collin.edu","COSC245153","Sent Message to Professor","05-24-2024"
"Student154","Student154","student154.student154@collin.edu","COSC245154","Sent Message to Professor","05-24-2024"
"Student155","Student155","student155.student155@collin.edu","COSC245155","Sent Message to Professor","05-24-2024"
"Student156","Student156","student156.student156@collin.edu","COSC245156","Sent Message to Professor","05-24-2024"
"Student157","Student157","student157.student157@collin.edu","COSC245157","Sent Message to Professor","05-24-2024"
"Student158","Student158","student158.student158@collin.edu","COSC245158","Sent Message to Professor","05-24-2024"
"Student159","Student159","student159.student159@collin.edu","COSC245159","Sent Message to Professor","05-24-2024"
"Student160","Student160","student160.student160@collin.edu","COSC245160","Sent Message to Professor","05-24-2024"
"Student161","Student161","student161.student161@collin.edu","COSC245161","Sent Message to Professor","05-24-2024"
"Student162","Student162","student162.student162@collin.edu","COSC245162","Sent Message to Professor","05-24-2024"
"Student163","Student163","student163.student163@collin.edu","COSC245163","Sent Message to Professor","05-24-2024"
"Student164","Student164","student164.student164@collin.edu","COSC245164","Sent Message to Professor","05-24-2024"
"Student165","Student165","student165.student165@collin.edu","COSC245165","Sent Message to Professor","05-24-2024"
"Student166","Student166","student166.student166@collin.edu","COSC245166","Sent Message to Professor","05-24-2024"
"Student167","Student167","student167.student167@collin.edu","COSC245167","Sent Message to Professor","05-24-2024"
"Student168","Student168","student168.student168@collin.edu","COSC245168","Sent Message to Professor","05-24-2024"
"Student169","Student169","student169.student169@collin.edu","COSC245169","Sent Message to Professor","05-24-2024"
"Student170","Student170","student170.student170@collin.edu","COSC245170","Sent Message to Professor","05-24-2024"
"Student171","Student171","student171.student171@collin.edu","COSC245171","Sent Message to Professor","05-24-2024"
"Student172","Student172","student172.student172@collin.edu","COSC245172","Sent Message to Professor","05-24-2024"
"Student173","Student173","student173.student173@collin.edu","COSC245173","Sent Message to Professor","05-24-2024"
"Student174","Student174","student174.student174@collin.edu","COSC245174","Sent Message to Professor","05-24-2024"
"Student175","Student175","student175.student175@collin.edu","COSC245175","Sent Message to Professor","05-24-2024"
"Student176","Student176","student176.student176@collin.edu","COSC245176","Sent Message to Professor","05-24-2024"
"Student177","Student177","student177.student177@collin.edu","COSC245177","Sent Message to Professor","05-24-2024"
"Student178","Student178","student178.student178@collin.edu","COSC245178","Sent Message to Professor","05-24-2024"
"Student179","Student179","student179.student179@collin.edu","COSC245179","Sent Message to Professor","05-24-2024"
"Student180","Student180","student180.student180@collin.edu","COSC245180","Sent Message to Professor","05-24-2024"
"Student181","Student181","student181.student181@collin.edu","COSC245181","Sent Message to Professor","05-24-2024"
"Student182","Student182","student182.student182@collin.edu","COSC245182","Sent Message to Professor","05-24-2024"
"Student183","Student183","student183.student183@collin.edu","COSC245183","Sent Message to Professor","05-24-2024"
"Student184","Student184","student184.student184@collin.edu","COSC245184","Sent Message to Professor","05-24-2024"
"Student185","Student185","student185.student185@collin.edu","COSC245185","Sent Message to Professor","05-24-2024"
"Student186","Student186","student186.student186@collin.edu","COSC245186","Sent Message to Professor","05-24-2024"
"Student187","Student187","student187.student187@collin.edu","COSC245187","Sent Message to Professor","05-24-2024"
"Student188","Student188","student188.student188@collin.edu","COSC245188","Sent Message to Professor","05-24-2024"
"Student189","Student189","student189.student189@collin.edu","COSC245189","Sent Message to Professor","05-24-2024"
"Student190","Student190","student190.student190@collin.edu","COSC245190","Sent Message to Professor","05-24-2024"
"Student191","Student191","student191.student191@collin.edu","COSC245191","Sent Message to Professor","05-24-2024"
"Student192","Student192","student192.student192@collin.edu","COSC245192","Sent Message to Professor","05-24-2024"
"Student193","Student193","student193.student193@collin.edu","COSC245193","Sent Message to Professor","05-24-2024"
"Student194","Student194","student194.student194@collin.edu","COSC245194","Sent Message to Professor","05-24-2024"
"Student195","Student195","student195.student195@collin.edu","COSC245195","Sent Message to Professor","05-24-2024"
"Student196","Student196","student196.student196@collin.edu","COSC245196","Sent Message to Professor","05-24-2024"
"Student197","Student197","student197.student197@collin.edu","COSC245197","Sent Message to Professor","05-24-2024"
"Student198","Student198","student198.student198@collin.edu","COSC245198","Sent Message to Professor","05-24-2024"
"Student199","Student199","student199.student199@collin.edu","COSC245199","Sent Message to Professor","05-24-2024"
"Student200","Student200","student200.student200@collin.edu","COSC245200","Sent Message to Professor","05-24-2024"
"Student201","Student201","student201.student201@collin.edu","COSC245201","Sent Message to Professor","05-24-2024"
"Student202","Student202","student202.student202@collin.edu","COSC245202","Sent Message to Professor","05-24-2024"
"Student203","Student203","student203.student203@collin.edu","COSC245203","Sent Message to Professor","05-24-2024"
"Student204","Student204","student204.student204@collin.edu","COSC245204","Sent Message to Professor","05-24-2024"
"Student205","Student205","student205.student205@collin.edu","COSC245205","Sent Message to Professor","05-24-2024"
"Student206","Student206","student206.student206@collin.edu","COSC245206","Sent Message to Professor","05-24-2024"
"Student207","Student207","student207.student207@collin.edu","COSC245207","Sent Message to Professor","05-24-2024"
"Student208","Student208","student208.student208@collin.edu","COSC245208","Sent Message to Professor","05-24-2024"
"Student209","Student209","student209.student209@collin.edu","COSC245209","Sent Message to Professor","05-24-2024"
"Student210","Student210","student210.student210@collin.edu","COSC245210","Sent Message to Professor","05-24-2024"
"Student211","Student211","student211.student211@collin.edu","COSC245211","Sent Message to Professor","05-24-2024"
"Student212","Student212","student212.student212@collin.edu","COSC245212","Sent Message to Professor","05-24-2024"
"Student213","Student213","student213.student213@collin.edu","COSC245213","Sent Message to Professor","05-24-2024"
"Student214","Student214","student214.student214@collin.edu","COSC245214","Sent Message to Professor","05-24-2024"
"Student215","Student215","student215.student215@collin.edu","COSC245215","Sent Message to Professor","05-24-2024"
"Student216","Student216","student216.student216@collin.edu","COSC245216","Sent Message to Professor","05-24-2024"
"Student217","Student217","student217.student217@collin.edu","COSC245217","Sent Message to Professor","05-24-2024"
"Student218","Student218","student218.student218@collin.edu","COSC245218","Sent Message to Professor","05-24-2024"
"Student219","Student219","student219.student219@collin.edu","COSC245219","Sent Message to Professor","05-24-2024"
"Student220","Student220","student220.student220@collin.edu","COSC245220","Sent Message to Professor","05-24-2024"
"Student221","Student221","student221.student221@collin.edu","COSC245221","Submitted Test","05-24-2024"
"Student222","Student222","student222.student222@collin.edu","COSC245222","Submitted Test","05-24-2024"
"Student223","Student223","student223.student223@collin.edu","COSC245223","Submitted Test","05-24-2024"
"Student224","Student224","student224.student224@collin.edu","COSC245224","Submitted Test","05-24-2024"
"Student225","Student225","student225.student225@collin.edu","COSC245225","Submitted Test","05-24-2024"
"Student226","Student226","student226.student226@collin.edu","COSC245226","Submitted Test","05-24-2024"
"Student227","Student227","student227.student227@collin.edu","COSC245227","Submitted Test","05-24-2024"
"Student228","Student228","student228.student228@collin.edu","COSC245228","Submitted Test","05-24-2024"
"Student229","Student229","student229.student229@collin.edu","COSC245229","Submitted Test","05-24-2024"
"Student230","Student230","student230.student230@collin.edu","COSC245230","Submitted Test","05-24-2024"
"Student231","Student231","student231.student231@collin.edu","COSC245231","Submitted Test","05-24-2024"
"Student232","Student232","student232.student232@collin.edu","COSC245232","Submitted Test","05-24-2024"
"Student233","Student233","student233.student233@collin.edu","COSC245233","Submitted Test","05-24-2024"
"Student234","Student234","student234.student234@collin.edu","COSC245234","Submitted Test","05-24-2024"
"Student235","Student235","student235.student235@collin.edu","COSC245235","Submitted Test","05-24-2024"
"Student236","Student236","student236.student236@collin.edu","COSC245236","Submitted Test","05-24-2024"
"Student237","Student237","student237.student237@collin.edu","COSC245237","Submitted Test","05-24-2024"
"Student238","Student238","student238.student238@collin.edu","COSC245238","Submitted Test","05-24-2024"
"Student239","Student239","student239.student239@collin.edu","COSC245239","Submitted Test","05-24-2024"
"Student240","Student240","student240.student240@collin.edu","COSC245240","Submitted Test","05-24-2024"
"Student241","Student241","student241.student241@collin.edu","COSC245241","Submitted Test","05-24-2024"
"Student242","Student242","student242.student242@collin.edu","COSC245242","Submitted Test","05-24-2024"
"Student243","Student243","student243.student243@collin.edu","COSC245243","Submitted Test","05-24-2024"
"Student244","Student244","student244.student244@collin.edu","COSC245244","Submitted Test","05-24-2024"
"Student245","Student245","student245.student245@collin.edu","COSC245245","Submitted Test","05-24-2024"
"Student246","Student246","student246.student246@collin.edu","COSC245246","Submitted Test","05-24-2024"
"Student247","Student247","student247.student247@collin.edu","COSC245247","Submitted Test","05-24-2024"
"Student248","Student248","student248.student248@collin.edu","COSC245248","Submitted Test","05-24-2024"
"Student249","Student249","student249.student249@collin.edu","COSC245249","Submitted Test","05-24-2024"
"Student250","Student250","student250.student250@collin.edu","COSC245250","Submitted Test","05-24-2024"
"Student251","Student251","student251.student251@collin.edu","COSC245251","Submitted Test","05-24-2024"
"Student252","Student252","student252.student252@collin.edu","COSC245252","Submitted Test","05-24-2024"
"Student253","Student253","student253.student253@collin.edu","COSC245253","Submitted Test","05-24-2024"
"Student254","Student254","student254.student254@collin.edu","COSC245254","Submitted Test","05-24-2024"
"Student255","Student255","student255.student255@collin.edu","COSC245255","Submitted Test","05-24-2024"
"Student256","Student256","student256.student256@collin.edu","COSC245256","Submitted Test","05-24-2024"
"Student257","Student257","student257.student257@collin.edu","COSC245257","Submitted Test","05-24-2024"
"Student258","Student258","student258.student258@collin.edu","COSC245258","Submitted Test","05-24-2024"
"Student259","Student259","student259.student259@collin.edu","COSC245259","Submitted Test","05-24-2024"
"Student260","Student260","student260.student260@collin.edu","COSC245260","Submitted Test","05-24-2024"
"Student261","Student261","student261.student261@collin.edu","COSC245261","Submitted Test","05-24-2024"
"Student262","Student262","student262.student262@collin.edu","COSC245262","Submitted Test","05-24-2024"
"Student263","Student263","student263.student263@collin.edu","COSC245263","Submitted Test","05-24-2024"
"Student264","Student264","student264.student264@collin.edu","COSC245264","Submitted Test","05-24-2024"
"Student265","Student265","student265.student265@collin.edu","COSC245265","Submitted Test","05-24-2024"
"Student266","Student266","student266.student266@collin.edu","COSC245266","Submitted Test","05-24-2024"
"Student267","Student267","student267.student267@collin.edu","COSC245267","Submitted Test","05-24-2024"
"Student268","Student268","student268.student268@collin.edu","COSC245268","Submitted Test","05-24-2024"
"Student269","Student269","student269.student269@collin.edu","COSC245269","Submitted Test","05-24-2024"
"Student270","Student270","student270.student270@collin.edu","COSC245270","Submitted Test","05-24-2024"
"Student271","Student271","student271.student271@collin.edu","COSC245271","Submitted Test","05-24-2024"
"Student272","Student272","student272.student272@collin.edu","COSC245272","Submitted Test","05-24-2024"
"Student273","Student273","student273.student273@collin.edu","COSC245273","Submitted Test","05-24-2024"
"Student274","Student274","student274.student274@collin.edu","COSC245274","Submitted Test","05-24-2024"
"Student275","Student275","student275.student275@collin.edu","COSC245275","Submitted Test","05-24-2024"
"Student276","Student276","student276.student276@collin.edu","COSC245276","Submitted Test","05-24-2024"
"Student277","Student277","student277.student277@collin.edu","COSC245277","Submitted Test","05-24-2024"
"Student278","Student278","student278.student278@collin.edu","COSC245278","Submitted Test","05-24-2024"
"Student279","Student279","student279.student279@collin.edu","COSC245279","Submitted Test","05-24-2024"
"Student280","Student280","student280.student280@collin.edu","COSC245280","Submitted Test","05-24-2024"
"Student281","Student281","student281.student281@collin.edu","COSC245281","Submitted Test","05-24-2024"
"Student282","Student282","student282.student282@collin.edu","COSC245282","Submitted Test","05-24-2024"
"Student283","Student283","student283.student283@collin.edu","COSC245283","Submitted Test","05-24-2024"
"Student284","Student284","student284.student284@collin.edu","COSC245284","Submitted Test","05-24-2024"
"Student285","Student285","student285.student285@collin.edu","COSC245285","Submitted Test","05-24-2024"
"Student286","Student286","student286.student286@collin.edu","COSC245286","Submitted Test","05-24-2024"
"Student287","Student287","student287.student287@collin.edu","COSC245287","Submitted Test","05-24-2024"
"Student288","Student288","student288.student288@collin.edu","COSC245288","Submitted Test","05-24-2024"
"Student289","Student289","student289.student289@collin.edu","COSC245289","Submitted Test","05-24-2024"
"Student290","Student290","student290.student290@collin.edu","COSC245290","Submitted Test","05-24-2024"
"Student291","Student291","student291.student291@collin.edu","COSC245291","Submitted Test","05-24-2024"
"Student292","Student292","student292.student292@collin.edu","COSC245292","Submitted Test","05-24-2024"
"Student293","Student293","student293.student293@collin.edu","COSC245293","Submitted Test","05-24-2024"
"Student294","Student294","student294.student294@collin.edu","COSC245294","Submitted Test","05-24-2024"
"Student295","Student295","student295.student295@collin.edu","COSC245295","Submitted Test","05-24-2024"
"Student296","Student296","student296.student296@collin.edu","COSC245296","Submitted Test","05-24-2024"
"Student297","Student297","student297.student297@collin.edu","COSC245297","Submitted Test","05-24-2024"
"Student298","Student298","student298.student298@collin.edu","COSC245298","Submitted Test","05-24-2024"
"Student299","Student299","student299.student299@collin.edu","COSC245299","Submitted Test","05-24-2024"
"Student300","Student300","student300.student300@collin.edu","COSC245300","Submitted Test","05-24-2024"
"Student301","Student301","student301.student301@collin.edu","COSC245301","Submitted Test","05-24-2024"
"Student302","Student302","student302.student302@collin.edu","COSC245302","Submitted Test","05-24-2024"
"Student303","Student303","student303.student303@collin.edu","COSC245303","Submitted Test","05-24-2024"
"Student304","Student304","student304.student304@collin.edu","COSC245304","Submitted Test","05-24-2024"
"Student305","Student305","student305.student305@collin.edu","COSC245305","Submitted Test","05-24-2024"
"Student306","Student306","student306.student306@collin.edu","COSC245306","Submitted Test","05-24-2024"
"Student307","Student307","student307.student307@collin.edu","COSC245307","Submitted Test","05-24-2024"
"Student308","Student308","student308.student308@collin.edu","COSC245308","Submitted Test","05-24-2024"
"Student309","Student309","student309.student309@collin.edu","COSC245309","Submitted Test","05-24-2024"
"Student310","Student310","student310.student310@collin.edu","COSC245310","Submitted Test","05-24-2024"
"Student311","Student311","student311.student311@collin.edu","COSC245311","Submitted Test","05-24-2024"
"Student312","Student312","student312.student312@collin.edu","COSC245312","Submitted Test","05-24-2024"
"Student313","Student313","student313.student313@collin.edu","COSC245313","Submitted Test","05-24-2024"
"Student314","Student314","student314.student314@collin.edu","COSC245314","Submitted Test","05-24-2024"
"Student315","Student315","student315.student315@collin.edu","COSC245315","Submitted Test","05-24-2024"
"Student316","Student316","student316.student316@collin.edu","COSC245316","Submitted Test","05-24-2024"
"Student317","Student317","student317.student317@collin.edu","COSC245317","Submitted Test","05-24-2024"
"Student318","Student318","student318.student318@collin.edu","COSC245318","Submitted Test","05-24-2024"
"Student319","Student319","student319.student319@collin.edu","COSC245319","Submitted Test","05-24-2024"
"Student320","Student320","student320.student320@collin.edu","COSC245320","Submitted Test","05-24-2024"
"Student321","Student321","student321.student321@collin.edu","COSC245321","Submitted Test","05-24-2024"
"Student322","Student322","student322.student322@collin.edu","COSC245322","Submitted Test","05-24-2024"
"Student323","Student323","student323.student323@collin.edu","COSC245323","Submitted Test","05-24-2024"
"Student324","Student324","student324.student324@collin.edu","COSC245324","Submitted Test","05-24-2024"
"Student325","Student325","student325.student325@collin.edu","COSC245325","Submitted Test","05-24-2024"
"Student326","Student326","student326.student326@collin.edu","COSC245326","Submitted Test","05-24-2024"
"Student327","Student327","student327.student327@collin.edu","COSC245327","Submitted Test","05-24-2024"
"Student328","Student328","student328.student328@collin.edu","COSC245328","Submitted Test","05-24-2024"
"Student329","Student329","student329.student329@collin.edu","COSC245329","Submitted Test","05-24-2024"
"Student330","Student330","student330.student330@collin.edu","COSC245330","Submitted Test","05-24-2024"
"Student331","Student331","student331.student331@collin.edu","COSC245331","Submitted Test","05-24-2024"
"Student332","Student332","student332.student332@collin.edu","COSC245332","Submitted Test","05-24-2024"
"Student333","Student333","student333.student333@collin.edu","COSC245333","Submitted Test","05-24-2024"
"Student334","Student334","student334.student334@collin.edu","COSC245334","Submitted Test","05-24-2024"
"Student335","Student335","student335.student335@collin.edu","COSC245335","Submitted Test","05-24-2024"
"Student336","Student336","student336.student336@collin.edu","COSC245336","Submitted Test","05-24-2024"
"Student337","Student337","student337.student337@collin.edu","COSC245337","Submitted Test","05-24-2024"
"Student338","Student338","student338.student338@collin.edu","COSC245338","Submitted Test","05-24-2024"
"Student339","Student339","student339.student339@collin.edu","COSC245339","Submitted Test","05-24-2024"
"Student340","Student340","student340.student340@collin.edu","COSC245340","Submitted Test","05-24-2024"
"Student341","Student341","student341.student341@collin.edu","COSC245341","Submitted Test","05-24-2024"
"Student342","Student342","student342.student342@collin.edu","COSC245342","Submitted Test","05-24-2024"
"Student343","Student343","student343.student343@collin.edu","COSC245343","Submitted Test","05-24-2024"
"Student344","Student344","student344.student344@collin.edu","COSC245344","Submitted Test","05-24-2024"
"Student345","Student345","student345.student345@collin.edu","COSC245345","Submitted Test","05-24-2024"
"Student346","Student346","student346.student346@collin.edu","COSC245346","Submitted Test","05-24-2024"
"Student347","Student347","student347.student347@collin.edu","COSC245347","Submitted Test","05-24-2024"
"Student348","Student348","student348.student348@collin.edu","COSC245348","Submitted Test","05-24-2024"
"Student349","Student349","student349.student349@collin.edu","COSC245349","Submitted Test","05-24-2024"
"Student350","Student350","student350.student350@collin.edu","COSC245350","Submitted Test","05-24-2024"
"Student351","Student351","student351.student351@collin.edu","COSC245351","Submitted Test","05-24-2024"
"Student352","Student352","student352.student352@collin.edu","COSC245352","Submitted Test","05-24-2024"
"Student353","Student353","student353.student353@collin.edu","COSC245353","Checked Grades","05-24-2024"
"Student354","Student354","student354.student354@collin.edu","COSC245354","Checked Grades","05-24-2024"
"Student355","Student355","student355.student355@collin.edu","COSC245355","Checked Grades","05-24-2024"
"Student356","Student356","student356.student356@collin.edu","COSC245356","Checked Grades","05-24-2024"
"Student357","Student357","student357.student357@collin.edu","COSC245357","Checked Grades","05-24-2024"
"Student358","Student358","student358.student358@collin.edu","COSC245358","Checked Grades","05-24-2024"
"Student359","Student359","student359.student359@collin.edu","COSC245359","Checked Grades","05-24-2024"
"Student360","Student360","student360.student360@collin.edu","COSC245360","Checked Grades","05-24-2024"
"Student361","Student361","student361.student361@collin.edu","COSC245361","Checked Grades","05-24-2024"
"Student362","Student362","student362.student362@collin.edu","COSC245362","Checked Grades","05-24-2024"
"Student363","Student363","student363.student363@collin.edu","COSC245363","Checked Grades","05-24-2024"
"Student364","Student364","student364.student364@collin.edu","COSC245364","Checked Grades","05-24-2024"
"Student365","Student365","student365.student365@collin.edu","COSC245365","Checked Grades","05-24-2024"
"Student366","Student366","student366.student366@collin.edu","COSC245366","Checked Grades","05-24-2024"
"Student367","Student367","student367.student367@collin.edu","COSC245367","Checked Grades","05-24-2024"
"Student368","Student368","student368.student368@collin.edu","COSC245368","Checked Grades","05-24-2024"
"Student369","Student369","student369.student369@collin.edu","COSC245369","Checked Grades","05-24-2024"
"Student370","Student370","student370.student370@collin.edu","COSC245370","Checked Grades","05-24-2024"
"Student371","Student371","student371.student371@collin.edu","COSC245371","Checked Grades","05-24-2024"
"Student372","Student372","student372.student372@collin.edu","COSC245372","Checked Grades","05-24-2024"
"Student373","Student373","student373.student373@collin.edu","COSC245373","Checked Grades","05-24-2024"
"Student374","Student374","student374.student374@collin.edu","COSC245374","Checked Grades","05-24-2024"
"Student375","Student375","student375.student375@collin.edu","COSC245375","Checked Grades","05-24-2024"
"Student376","Student376","student376.student376@collin.edu","COSC245376","Checked Grades","05-24-2024"
"Student377","Student377","student377.student377@collin.edu","COSC245377","Checked Grades","05-24-2024"
"Student378","Student378","student378.student378@collin.edu","COSC245378","Checked Grades","05-24-2024"
"Student379","Student379","student379.student379@collin.edu","COSC245379","Checked Grades","05-24-2024"
"Student380","Student380","student380.student380@collin.edu","COSC245380","Checked Grades","05-24-2024"
"Student381","Student381","student381.student381@collin.edu","COSC245381","Checked Grades","05-24-2024"
"Student382","Student382","student382.student382@collin.edu","COSC245382","Checked Grades","05-24-2024"
"Student383","Student383","student383.student383@collin.edu","COSC245383","Checked Grades","05-24-2024"
"Student384","Student384","student384.student384@collin.edu","COSC245384","Checked Grades","05-24-2024"
"Student385","Student385","student385.student385@collin.edu","COSC245385","Checked Grades","05-24-2024"
"Student386","Student386","student386.student386@collin.edu","COSC245386","Checked Grades","05-24-2024"
"Student387","Student387","student387.student387@collin.edu","COSC245387","Checked Grades","05-24-2024"
"Student388","Student388","student388.student388@collin.edu","COSC245388","Checked Grades","05-24-2024"
"Student389","Student389","student389.student389@collin.edu","COSC245389","Checked Grades","05-24-2024"
"Student390","Student390","student390.student390@collin.edu","COSC245390","Checked Grades","05-24-2024"
"Student391","Student391","student391.student391@collin.edu","COSC245391","Checked Grades","05-24-2024"
"Student392","Student392","student392.student392@collin.edu","COSC245392","Checked Grades","05-24-2024"
"Student393","Student393","student393.student393@collin.edu","COSC245393","Checked Grades","05-24-2024"
"Student394","Student394","student394.student394@collin.edu","COSC245394","Checked Grades","05-24-2024"
"Student395","Student395","student395.student395@collin.edu","COSC245395","Checked Grades","05-24-2024"
"Student396","Student396","student396.student396@collin.edu","COSC245396","Checked Grades","05-24-2024"
"Student397","Student397","student397.student397@collin.edu","COSC245397","Checked Grades","05-24-2024"
"Student398","Student398","student398.student398@collin.edu","COSC245398","Checked Grades","05-24-2024"
"Student399","Student399","student399.student399@collin.edu","COSC245399","Checked Grades","05-24-2024"
"Student400","Student400","student400.student400@collin.edu","COSC245400","Checked Grades","05-24-2024"
"Student401","Student401","student401.student401@collin.edu","COSC245401","Checked Grades","05-24-2024"
"Student402","Student402","student402.student402@collin.edu","COSC245402","Checked Grades","05-24-2024"
"Student403","Student403","student403.student403@collin.edu","COSC245403","Checked Grades","05-24-2024"
"Student404","Student404","student404.student404@collin.edu","COSC245404","Checked Grades","05-24-2024"
"Student405","Student405","student405.student405@collin.edu","COSC245405","Checked Grades","05-24-2024"
"Student406","Student406","student406.student406@collin.edu","COSC245406","Checked Grades","05-24-2024"
"Student407","Student407","student407.student407@collin.edu","COSC245407","Checked Grades","05-24-2024"
"Student408","Student408","student408.student408@collin.edu","COSC245408","Checked Grades","05-24-2024"
"Student409","Student409","student409.student409@collin.edu","COSC245409","Checked Grades","05-24-2024"
"Student410","Student410","student410.student410@collin.edu","COSC245410","Checked Grades","05-24-2024"
"Student411","Student411","student411.student411@collin.edu","COSC245411","Checked Grades","05-24-2024"
"Student412","Student412","student412.student412@collin.edu","COSC245412","Checked Grades","05-24-2024"
"Student413","Student413","student413.student413@collin.edu","COSC245413","Checked Grades","05-24-2024"
"Student414","Student414","student414.student414@collin.edu","COSC245414","Checked Grades","05-24-2024"
"Student415","Student415","student415.student415@collin.edu","COSC245415","Checked Grades","05-24-2024"
"Student416","Student416","student416.student416@collin.edu","COSC245416","Checked Grades","05-24-2024"
"Student417","Student417","student417.student417@collin.edu","COSC245417","Checked Grades","05-24-2024"
"Student418","Student418","student418.student418@collin.edu","COSC245418","Checked Grades","05-24-2024"
"Student419","Student419","student419.student419@collin.edu","COSC245419","Checked Grades","05-24-2024"
"Student420","Student420","student420.student420@collin.edu","COSC245420","Checked Grades","05-24-2024"
"Student421","Student421","student421.student421@collin.edu","COSC245421","Checked Grades","05-24-2024"
"Student422","Student422","student422.student422@collin.edu","COSC245422","Checked Grades","05-24-2024"
"Student423","Student423","student423.student423@collin.edu","COSC245423","Checked Grades","05-24-2024"
"Student424","Student424","student424.student424@collin.edu","COSC245424","Checked Grades","05-24-2024"
"Student425","Student425","student425.student425@collin.edu","COSC245425","Checked Grades","05-24-2024"
"Student426","Student426","student426.student426@collin.edu","COSC245426","Checked Grades","05-24-2024"
"Student427","Student427","student427.student427@collin.edu","COSC245427","Checked Grades","05-24-2024"
"Student428","Student428","student428.student428@collin.edu","COSC245428","Checked Grades","05-24-2024"
"Student429","Student429","student429.student429@collin.edu","COSC245429","Checked Grades","05-24-2024"
"Student430","Student430","student430.student430@collin.edu","COSC245430","Checked Grades","05-24-2024"
"Student431","Student431","student431.student431@collin.edu","COSC245431","Checked Grades","05-24-2024"
"Student432","Student432","student432.student432@collin.edu","COSC245432","Checked Grades","05-24-2024"
"Student433","Student433","student433.student433@collin.edu","COSC245433","Checked Grades","05-24-2024"
"Student434","Student434","student434.student434@collin.edu","COSC245434","Checked Grades","05-24-2024"
"Student435","Student435","student435.student435@collin.edu","COSC245435","Checked Grades","05-24-2024"
"Student436","Student436","student436.student436@collin.edu","COSC245436","Checked Grades","05-24-2024"
"Student437","Student437","student437.student437@collin.edu","COSC245437","Checked Grades","05-24-2024"
"Student438","Student438","student438.student438@collin.edu","COSC245438","Checked Grades","05-24-2024"
"Student439","Student439","student439.student439@collin.edu","COSC245439","Checked Grades","05-24-2024"
"Student440","Student440","student440.student440@collin.edu","COSC245440","Checked Grades","05-24-2024"
"Student441","Student441","student441.student441@collin.edu","COSC245441","Checked Grades","05-24-2024"
"Student442","Student442","student442.student442@collin.edu","COSC245442","Checked Grades","05-24-2024"
"Student443","Student443","student443.student443@collin.edu","COSC245443","Checked Grades","05-24-2024"
"Student444","Student444","student444.student444@collin.edu","COSC245444","Checked Grades","05-24-2024"
"Student445","Student445","student445.student445@collin.edu","COSC245445","Checked Grades","05-24-2024"
"Student446","Student446","student446.student446@collin.edu","COSC245446","Checked Grades","05-24-2024"
"Student447","Student447","student447.student447@collin.edu","COSC245447","Checked Grades","05-24-2024"
"Student448","Student448","student448.student448@collin.edu","COSC245448","Checked Grades","05-24-2024"
"Student449","Student449","student449.student449@collin.edu","COSC245449","Checked Grades","05-24-2024"
"Student450","Student450","student450.student450@collin.edu","COSC245450","Checked Grades","05-24-2024"
"Student451","Student451","student451.student451@collin.edu","COSC245451","Checked Grades","05-24-2024"
"Student452","Student452","student452.student452@collin.edu","COSC245452","Checked Grades","05-24-2024"
"Student453","Student453","student453.student453@collin.edu","COSC245453","Checked Grades","05-24-2024"
"Student454","Student454","student454.student454@collin.edu","COSC245454","Checked Grades","05-24-2024"
"Student455","Student455","student455.student455@collin.edu","COSC245455","Checked Grades","05-24-2024"
"Student456","Student456","student456.student456@collin.edu","COSC245456","Checked Grades","05-24-2024"
"Student457","Student457","student457.student457@collin.edu","COSC245457","Checked Grades","05-24-2024"
"Student458","Student458","student458.student458@collin.edu","COSC245458","Checked Grades","05-24-2024"
"Student459","Student459","student459.student459@collin.edu","COSC245459","Checked Grades","05-24-2024"
"Student460","Student460","student460.student460@collin.edu","COSC245460","Checked Grades","05-24-2024"
"Student461","Student461","student461.student461@collin.edu","COSC245461","Checked Grades","05-24-2024"
"Student462","Student462","student462.student462@collin.edu","COSC245462","Checked Grades","05-24-2024"
"Student463","Student463","student463.student463@collin.edu","COSC245463","Checked Grades","05-24-2024"
"Student464","Student464","student464.student464@collin.edu","COSC245464","Checked Grades","05-24-2024"
"Student465","Student465","student465.student465@collin.edu","COSC245465","Checked Grades","05-24-2024"
"Student466","Student466","student466.student466@collin.edu","COSC245466","Checked Grades","05-24-2024"
"Student467","Student467","student467.student467@collin.edu","COSC245467","Checked Grades","05-24-2024"
"Student468","Student468","student468.student468@collin.edu","COSC245468","Checked Grades","05-24-2024"
"Student469","Student469","student469.student469@collin.edu","COSC245469","Checked Grades","05-24-2024"
"Student470","Student470","student470.student470@collin.edu","COSC245470","Checked Grades","05-24-2024"
"Student471","Student471","student471.student471@collin.edu","COSC245471","Checked Grades","05-24-2024"
"Student472","Student472","student472.student472@collin.edu","COSC245472","Checked Grades","05-24-2024"
"Student473","Student473","student473.student473@collin.edu","COSC245473","Checked Grades","05-24-2024"
"Student474","Student474","student474.student474@collin.edu","COSC245474","Checked Grades","05-24-2024"
"Student475","Student475","student475.student475@collin.edu","COSC245475","Checked Grades","05-24-2024"
"Student476","Student476","student476.student476@collin.edu","COSC245476","Checked Grades","05-24-2024"
"Student477","Student477","student477.student477@collin.edu","COSC245477","Checked Grades","05-24-2024"
"Student478","Student478","student478.student478@collin.edu","COSC245478","Checked Grades","05-24-2024"
"Student479","Student479","student479.student479@collin.edu","COSC245479","Checked Grades","05-24-2024"
"Student480","Student480","student480.student480@collin.edu","COSC245480","Checked Grades","05-24-2024"
"Student481","Student481","student481.student481@collin.edu","COSC245481","Checked Grades","05-24-2024"
"Student482","Student482","student482.student482@collin.edu","COSC245482","Checked Grades","05-24-2024"
"Student483","Student483","student483.student483@collin.edu","COSC245483","Checked Grades","05-24-2024"
"Student484","Student484","student484.student484@collin.edu","COSC245484","Checked Grades","05-24-2024"
"Student485","Student485","student485.student485@collin.edu","COSC245485","Checked Grades","05-24-2024"
"Student486","Student486","student486.student486@collin.edu","COSC245486","Checked Grades","05-24-2024"
"Student487","Student487","student487.student487@collin.edu","COSC245487","Checked Grades","05-24-2024"
"Student488","Student488","student488.student488@collin.edu","COSC245488","Checked Grades","05-24-2024"
"Student489","Student489","student489.student489@collin.edu","COSC245489","Checked Grades","05-24-2024"
"Student490","Student490","student490.student490@collin.edu","COSC245490","Checked Grades","05-24-2024"
"Student491","Student491","student491.student491@collin.edu","COSC245491","Checked Grades","05-24-2024"
"Student492","Student492","student492.student492@collin.edu","COSC245492","Checked Grades","05-24-2024"
"Student493","Student493","student493.student493@collin.edu","COSC245493","Checked Grades","05-24-2024"
"Student494","Student494","student494.student494@collin.edu","COSC245494","Checked Grades","05-24-2024"
"Student495","Student495","student495.student495@collin.edu","COSC245495","Checked Grades","05-24-2024"
"Student496","Student496","student496.student496@collin.edu","COSC245496","Checked Grades","05-24-2024"
"Student497","Student497","student497.student497@collin.edu","COSC245497","Checked Grades","05-24-2024"
"Student498","Student498","student498.student498@collin.edu","COSC245498","Checked Grades","05-24-2024"
"Student499","Student499","student499.student499@collin.edu","COSC245499","Checked Grades","05-24-2024"
"Student500","Student500","student500.student500@collin.edu","COSC245500","Checked Grades","05-24-2024"
